{
    "value_table": [
        0.8775210229989678,
        0.8863848717161291,
        0.0,
        0.9043820750088043,
        0.0,
        0.0,
        0.0,
        0.0,
        0.8863848717161291,
        0.8953382542587163,
        0.9043820750088043,
        0.9135172474836407,
        0.92274469442792,
        0.9135172474836407,
        0.0,
        0.0,
        0.8953382542587163,
        0.9043820750088043,
        0.0,
        0.92274469442792,
        0.9320653479069899,
        0.92274469442792,
        0.9135172474836407,
        0.0,
        0.9043820750088043,
        0.9135172474836407,
        0.92274469442792,
        0.9320653479069899,
        0.9414801494009999,
        0.0,
        0.0,
        0.0,
        0.9135172474836407,
        0.92274469442792,
        0.9135172474836407,
        0.0,
        0.9509900498999999,
        0.96059601,
        0.0,
        0.0,
        0.92274469442792,
        0.9320653479069899,
        0.0,
        0.9509900498999999,
        0.96059601,
        0.9702989999999999,
        0.0,
        0.99,
        0.9320653479069899,
        0.9414801494009999,
        0.9509900498999999,
        0.96059601,
        0.9702989999999999,
        0.9801,
        0.99,
        1.0,
        0.0,
        0.9509900498999999,
        0.96059601,
        0.9702989999999999,
        0.9801,
        0.99,
        1.0,
        0.0
    ],
    "policy": {
        "0": 1,
        "1": 1,
        "2": 0,
        "3": 1,
        "4": 0,
        "5": 0,
        "6": 0,
        "7": 0,
        "8": 1,
        "9": 1,
        "10": 2,
        "11": 1,
        "12": 1,
        "13": 0,
        "14": 0,
        "15": 0,
        "16": 1,
        "17": 1,
        "18": 0,
        "19": 1,
        "20": 1,
        "21": 0,
        "22": 0,
        "23": 0,
        "24": 1,
        "25": 1,
        "26": 2,
        "27": 2,
        "28": 1,
        "29": 0,
        "30": 0,
        "31": 0,
        "32": 1,
        "33": 1,
        "34": 0,
        "35": 0,
        "36": 1,
        "37": 1,
        "38": 0,
        "39": 0,
        "40": 1,
        "41": 1,
        "42": 0,
        "43": 1,
        "44": 1,
        "45": 1,
        "46": 0,
        "47": 1,
        "48": 2,
        "49": 1,
        "50": 1,
        "51": 1,
        "52": 1,
        "53": 1,
        "54": 1,
        "55": 1,
        "56": 0,
        "57": 2,
        "58": 2,
        "59": 2,
        "60": 2,
        "61": 2,
        "62": 2,
        "63": 0
    }
}